{"union":{"cavalry_company":{"mean":46167.1190476191,"sd":178.898015640197,"p75":{"75%":46230.3690476191},"p25":{"25%":46103.8690476191},"median":46167.1190476191,"p05":{"5%":46053.2690476191},"p95":{"95%":46280.9690476191}},"infantry_brigade":{"mean":2276.081,"sd":718.787506791068,"p75":{"75%":2737.75},"p25":{"25%":1761.75},"median":2234,"p05":{"5%":1205.85},"p95":{"95%":3575.1}},"infantry_division":{"mean":6169.839,"sd":2063.07667779398,"p75":{"75%":7443},"p25":{"25%":4617.25},"median":5888.5,"p05":{"5%":3237.5},"p95":{"95%":10026.3}},"infantry_corps":{"mean":18310.188,"sd":6293.57710777166,"p75":{"75%":22637.75},"p25":{"25%":13382.75},"median":17636,"p05":{"5%":9455.6},"p95":{"95%":29606.65}},"army":{"mean":53992.961,"sd":19049.7007914487,"p75":{"75%":66358.5},"p25":{"25%":39607.5},"median":51350.5,"p05":{"5%":27524.95},"p95":{"95%":89921.7}},"cavalry_brigade":{"mean":1839.76,"sd":576.453567180493,"p75":{"75%":2222.25},"p25":{"25%":1445.75},"median":1820.5,"p05":{"5%":935.45},"p95":{"95%":2846.05}},"cavalry_division":{"mean":4767.005,"sd":1622.05672804745,"p75":{"75%":5767.25},"p25":{"25%":3547.25},"median":4484.5,"p05":{"5%":2644.55},"p95":{"95%":7616.45}},"cavalry_corps":{"mean":13710.483,"sd":4548.40210529175,"p75":{"75%":16547},"p25":{"25%":10240.25},"median":13342.5,"p05":{"5%":7190.65},"p95":{"95%":21732.15}},"infantry_regiment":{"mean":477.5,"median":477.5,"sd":0,"p05":322.25,"p25":391.25,"p75":563.75,"p95":632.75},"infantry_company":{"mean":45.4761904761905,"median":45.4761904761905,"sd":0,"p05":30.6904761904762,"p25":37.2619047619048,"p75":53.6904761904762,"p95":60.2619047619048},"cavalry_regiment":{"mean":477.5,"median":477.5,"sd":0,"p05":322.25,"p25":391.25,"p75":563.75,"p95":632.75}},"confed":[]}