{"union":{"infantry_company":{"mean":45.4761904761905,"median":45.4761904761905,"sd":9.48504013668671,"p05":30.6904761904762,"p25":37.2619047619048,"p75":53.6904761904762,"p95":60.2619047619048},"infantry_regiment":{"mean":477.5,"median":477.5,"sd":99.5929214352104,"p05":322.25,"p25":391.25,"p75":563.75,"p95":632.75},"infantry_brigade":{"mean":2310.072,"sd":708.827477747025,"p75":{"75%":2790.25},"p25":{"25%":1807.75},"median":2287.5,"p05":{"5%":1218.75},"p95":{"95%":3540.8}},"infantry_division":{"mean":6310.489,"sd":2093.29291718004,"p75":{"75%":7609.25},"p25":{"25%":4661.5},"median":6130,"p05":{"5%":3276.6},"p95":{"95%":10204}},"infantry_corps":{"mean":18461.604,"sd":6411.98501003807,"p75":{"75%":22715.25},"p25":{"25%":13648.5},"median":17845.5,"p05":{"5%":9213.75},"p95":{"95%":29924.5}},"army":{"mean":54876.136,"sd":19863.8087161102,"p75":{"75%":67794.5},"p25":{"25%":39487.75},"median":53134,"p05":{"5%":26591.9},"p95":{"95%":90951.55}},"cavalry_company":{"mean":45776.1190476191,"sd":45.9619407771256,"p75":{"75%":45792.3690476191},"p25":{"25%":45759.8690476191},"median":45776.1190476191,"p05":{"5%":45746.8690476191},"p95":{"95%":45805.3690476191}},"cavalry_regiment":{"mean":477.5,"median":477.5,"sd":99.5929214352104,"p05":322.25,"p25":391.25,"p75":563.75,"p95":632.75},"cavalry_brigade":{"mean":1855.703,"sd":580.385401267989,"p75":{"75%":2263},"p25":{"25%":1444},"median":1805.5,"p05":{"5%":954.85},"p95":{"95%":2868.1}},"cavalry_division":{"mean":4794.577,"sd":1574.93713812967,"p75":{"75%":5707.5},"p25":{"25%":3611.75},"median":4578,"p05":{"5%":2681.45},"p95":{"95%":7729.15}},"cavalry_corps":{"mean":13775.198,"sd":4784.12134292388,"p75":{"75%":16720.25},"p25":{"25%":9925},"median":13352.5,"p05":{"5%":7051.95},"p95":{"95%":22465.8}}},"confed":{"infantry_regiment":{"mean":477.5,"median":477.5,"sd":99.5929214352104,"p05":322.25,"p25":391.25,"p75":563.75,"p95":632.75},"infantry_brigade":{"mean":2266.957,"sd":785.605316214105,"p75":{"75%":2810.25},"p25":{"25%":1679},"median":2196.5,"p05":{"5%":1079.75},"p95":{"95%":3634.4}},"infantry_division":{"mean":8220.979,"sd":2834.880859586,"p75":{"75%":10035.75},"p25":{"25%":6126},"median":7957.5,"p05":{"5%":4062.8},"p95":{"95%":13344.25}},"infantry_corps":{"mean":25334.582,"sd":9039.66737515986,"p75":{"75%":31443.75},"p25":{"25%":18298.75},"median":24214,"p05":{"5%":12572.8},"p95":{"95%":41753.8}},"army":{"mean":77917.206,"sd":28467.8560372734,"p75":{"75%":95082},"p25":{"25%":56228},"median":74244.5,"p05":{"5%":39253.1},"p95":{"95%":127588.6}},"cavalry_company":{"mean":45891.1190476191,"sd":30.4055915910215,"p75":{"75%":45901.8690476191},"p25":{"25%":45880.3690476191},"median":45891.1190476191,"p05":{"5%":45871.7690476191},"p95":{"95%":45910.4690476191}},"cavalry_regiment":{"mean":477.5,"median":477.5,"sd":99.5929214352104,"p05":322.25,"p25":391.25,"p75":563.75,"p95":632.75},"cavalry_brigade":{"mean":1995.074,"sd":596.355832370912,"p75":{"75%":2399.5},"p25":{"25%":1556},"median":1959,"p05":{"5%":1034.9},"p95":{"95%":3025.05}},"cavalry_division":{"mean":5640.919,"sd":1976.19385551964,"p75":{"75%":6899.75},"p25":{"25%":4085.25},"median":5316,"p05":{"5%":2967.4},"p95":{"95%":9359.9}},"cavalry_corps":{"mean":13748.428,"sd":4095.68220147896,"p75":{"75%":16334.75},"p25":{"25%":10599.75},"median":13415,"p05":{"5%":7714.4},"p95":{"95%":20910.25}}},"confederate":{"infantry_company":{"mean":45.4761904761905,"median":45.4761904761905,"sd":9.48504013668671,"p05":30.6904761904762,"p25":37.2619047619048,"p75":53.6904761904762,"p95":60.2619047619048}}}