{"union":{"infantry_company":{"mean":45.4761904761905,"median":45.4761904761905,"sd":9.48504013668671,"p05":30.6904761904762,"p25":37.2619047619048,"p75":53.6904761904762,"p95":60.2619047619048},"infantry_regiment":{"mean":477.5,"median":477.5,"sd":99.5929214352104,"p05":322.25,"p25":391.25,"p75":563.75,"p95":632.75},"infantry_brigade":{"mean":2310.072,"sd":708.827477747025,"p75":{"75%":2790.25},"p25":{"25%":1807.75},"median":2287.5,"p05":{"5%":1218.75},"p95":{"95%":3540.8}},"infantry_division":{"mean":6310.489,"sd":2093.29291718004,"p75":{"75%":7609.25},"p25":{"25%":4661.5},"median":6130,"p05":{"5%":3276.6},"p95":{"95%":10204}},"infantry_corps":{"mean":18461.604,"sd":6411.98501003807,"p75":{"75%":22715.25},"p25":{"25%":13648.5},"median":17845.5,"p05":{"5%":9213.75},"p95":{"95%":29924.5}},"army":{"mean":54876.136,"sd":19863.8087161102,"p75":{"75%":67794.5},"p25":{"25%":39487.75},"median":53134,"p05":{"5%":26591.9},"p95":{"95%":90951.55}},"cavalry_company":{"mean":46062.6190476191,"sd":370.523953341751,"p75":{"75%":46193.6190476191},"p25":{"25%":45931.6190476191},"median":46062.6190476191,"p05":{"5%":45826.8190476191},"p95":{"95%":46298.4190476191}},"cavalry_regiment":{"mean":477.5,"median":477.5,"sd":99.5929214352104,"p05":322.25,"p25":391.25,"p75":563.75,"p95":632.75},"cavalry_brigade":{"mean":1818.423,"sd":576.925635814755,"p75":{"75%":2166.75},"p25":{"25%":1399},"median":1781.5,"p05":{"5%":903.85},"p95":{"95%":2863.25}},"cavalry_division":{"mean":4658.573,"sd":1468.94577039023,"p75":{"75%":5594.25},"p25":{"25%":3527.75},"median":4475.5,"p05":{"5%":2612.7},"p95":{"95%":7233.15}},"cavalry_corps":{"mean":13729.536,"sd":4814.51218216927,"p75":{"75%":16739.75},"p25":{"25%":9963.5},"median":13047.5,"p05":{"5%":7234.9},"p95":{"95%":22490.3}},"artillery_gun":{"mean":25,"median":25,"sd":0,"p05":25,"p95":25,"p25":25,"p25.1":25},"artillery_battery":{"mean":115.8,"sd":23.1235810375469,"p75":{"75%":124},"p25":{"25%":113},"median":116,"p05":{"5%":87.4},"p95":{"95%":140.8}},"artillery_regiment":{"mean":686.632,"sd":160.199120891266,"p75":{"75%":804.25},"p25":{"25%":558.75},"median":684,"p05":{"5%":436},"p95":{"95%":962.05}}},"confed":{"infantry_company":{"mean":45.4761904761905,"median":45.4761904761905,"sd":9.48504013668671,"p05":30.6904761904762,"p25":37.2619047619048,"p75":53.6904761904762,"p95":60.2619047619048},"infantry_regiment":{"mean":477.5,"median":477.5,"sd":99.5929214352104,"p05":322.25,"p25":391.25,"p75":563.75,"p95":632.75},"infantry_brigade":{"mean":2231.386,"sd":730.705372462352,"p75":{"75%":2704.25},"p25":{"25%":1735.25},"median":2193.5,"p05":{"5%":1097.55},"p95":{"95%":3496.25}},"infantry_division":{"mean":8145.194,"sd":2772.46980311295,"p75":{"75%":10001.25},"p25":{"25%":6161.5},"median":7963,"p05":{"5%":3806.45},"p95":{"95%":12926.25}},"infantry_corps":{"mean":25289.031,"sd":8988.20375630214,"p75":{"75%":30509.25},"p25":{"25%":18643.25},"median":24230,"p05":{"5%":12589.55},"p95":{"95%":41807.25}},"army":{"mean":79159.539,"sd":27886.0464923849,"p75":{"75%":97039.5},"p25":{"25%":57156.5},"median":76920.5,"p05":{"5%":39417.8},"p95":{"95%":128529.35}},"cavalry_company":{"mean":45864.1190476191,"sd":364.159992311072,"p75":{"75%":45992.8690476191},"p25":{"25%":45735.3690476191},"median":45864.1190476191,"p05":{"5%":45632.3690476191},"p95":{"95%":46095.8690476191}},"cavalry_regiment":{"mean":477.5,"median":477.5,"sd":99.5929214352104,"p05":322.25,"p25":391.25,"p75":563.75,"p95":632.75},"cavalry_brigade":{"mean":2026.907,"sd":596.027016632263,"p75":{"75%":2415.5},"p25":{"25%":1583},"median":1998,"p05":{"5%":1044.95},"p95":{"95%":3052.85}},"cavalry_division":{"mean":5628.507,"sd":1959.88957165553,"p75":{"75%":6777},"p25":{"25%":4053.25},"median":5360.5,"p05":{"5%":3025.85},"p95":{"95%":9297.95}},"cavalry_corps":{"mean":13814.832,"sd":4224.83456775539,"p75":{"75%":16705.75},"p25":{"25%":10442.75},"median":13439.5,"p05":{"5%":7803.5},"p95":{"95%":21304.5}},"artillery_gun":{"mean":25,"median":25,"sd":0,"p05":25,"p95":25,"p25":25,"p25.1":25},"artillery_battery":{"mean":115.8,"sd":23.1235810375469,"p75":{"75%":124},"p25":{"25%":113},"median":116,"p05":{"5%":87.4},"p95":{"95%":140.8}},"artillery_regiment":{"mean":686.632,"sd":160.199120891266,"p75":{"75%":804.25},"p25":{"25%":558.75},"median":684,"p05":{"5%":436},"p95":{"95%":962.05}}}}